----------------------------------------
-- Populate database
----------------------------------------

insert into person
values
       ('Victor', 'Old Road', 555787, 000001),
       ('George', 'Great Old Road', 555788, 000002),
       ('Boris', 'New Road', 555789, 000003),
       ('Betty', 'Old Road', 555786, 000004),
       ('Hamilton', 'Back Alley', 555785, 000005),
       ('Victoria', 'Sweet Street', 555784, 000006),
       ('Johnson', 'Birth Avenue', 555783, 000007),
       ('Patricia', 'Sweet Street', 555782, 000008),
       ('Dick', 'Great Old Road', 555781, 000009),
       ('Josh', 'Back Alley', 555770, 000010),
       ('Sam', 'Pink Street', 555771, 000011),
       ('Lucas', 'New Road', 555772, 000012),
       ('Marie', 'Hall Street', 555773, 000013),
       ('Pablo', 'Birth Avenue', 555774, 000014),
       ('Bob', 'Marginal Avenue', 555775, 000015),
       ('George', 'New Road', 555776, 000016),
       ('Boris', 'Great New Road', 555777, 000017),
       ('Lewis', 'Back Alley', 555778, 000018),
       ('Mickey', 'Border Lake Street', 555779, 000019),
       ('Woo Lee', 'Great New Road', 555780, 000020),
       ('Isabella', 'Black Street', 555790, 000021),
       ('Mark', 'White Road', 555791, 000022),
       ('John', 'Birth Avenue', 555792, 000023),
       ('Samantha', 'Big Avenue', 555793, 000024),
       ('Matty', 'Small Avenue', 555794, 000025),
       ('Cory', 'White Road', 555795, 000026),
       ('Billie', 'New Road', 555796, 000027),
       ('Dora', 'Back Alley', 555797, 000028),
       ('Josh', 'Great Old Road', 555798, 000029),
       ('Bob', 'Border Lake Street', 555799, 000030),
       ('Albert', 'Hall Street', 555700, 000031),
       ('Chris', 'Black Street', 555701, 000032),
       ('Chris', 'Small Avenue', 555702, 000033),
       ('Olivia', 'Birth Avenue', 555703, 000034),
       ('Emma', 'Ender Road', 555704, 000035),
       ('Gustave', 'Holla Street', 555705, 000036),
       ('Leroy', 'White Road', 555706, 000037),
       ('Robert', 'Great New Road', 555707, 000038),
       ('Miley', 'River Street', 555708, 000039),
       ('Chen Lu', 'Old Road', 555709, 000040);

insert into supervisor
values
       ('Victor', 'Old Road'),
       ('George', 'Great Old Road'),
       ('Boris', 'New Road'),
       ('Betty', 'Old Road'),
       ('Hamilton', 'Back Alley'),
       ('Victoria', 'Sweet Street'),
       ('Johnson', 'Birth Avenue'),
       ('Patricia', 'Sweet Street'),
       ('Dick', 'Great Old Road'),
       ('Josh', 'Back Alley'),
       ('Sam', 'Pink Street'),
       ('Lucas', 'New Road'),
       ('Marie', 'Hall Street'),
       ('Chen Lu', 'Old Road'),
       ('Pablo', 'Birth Avenue'),
       ('Robert', 'Great New Road'),
       ('Bob', 'Marginal Avenue'),
       ('George', 'New Road'),
       ('Boris', 'Great New Road'),
       ('Lewis', 'Back Alley'),
       ('Mickey', 'Border Lake Street'),
       ('Woo Lee', 'Great New Road');

insert into analyst
values
       ('Isabella', 'Black Street'),
       ('Mark', 'White Road'),
       ('John', 'Birth Avenue'),
       ('George', 'New Road'),
       ('Samantha', 'Big Avenue'),
       ('Matty', 'Small Avenue'),
       ('Cory', 'White Road'),
       ('Billie', 'New Road'),
       ('Woo Lee', 'Great New Road'),
       ('Dora', 'Back Alley'),
       ('Josh', 'Great Old Road'),
       ('Sam', 'Pink Street'),
       ('Bob', 'Border Lake Street'),
       ('Albert', 'Hall Street'),
       ('Chris', 'Black Street'),
       ('Chris', 'Small Avenue'),
       ('Olivia', 'Birth Avenue'),
       ('Emma', 'Ender Road'),
       ('Gustave', 'Holla Street'),
       ('Leroy', 'White Road'),
       ('Robert', 'Great New Road'),
       ('Miley', 'River Street'),
       ('Chen Lu', 'Old Road');

insert into element
values
       ('B-100'),
       ('B-101'),
       ('B-102'),
       ('B-103'),
       ('B-104'),
       ('B-105'),
       ('B-106'),
       ('B-107'),
       ('B-108'),
       ('B-109'),
       ('B-110'),
       ('B-111'),
       ('B-112'),
       ('B-113'),
       ('B-114'),
       ('B-115'),
       ('B-116'),
       ('B-117'),
       ('B-118'),
       ('B-119'),
       ('B-120'),
       ('B-121'),
       ('B-122'),
       ('B-123'),
       ('B-124'),
       ('B-125'),
       ('B-126'),
       ('B-127'),
       ('B-128'),
       ('B-129'),
       ('B-130'),
       ('B-131'),
       ('B-132'),
       ('B-133'),
       ('B-134'),
       ('B-135'),
       ('B-136'),
       ('B-137'),
       ('B-138'),
       ('B-139'),
       ('B-140'),
       ('B-141'),
       ('B-142'),
       ('B-143'),
       ('B-144'),
       ('B-145'),
       ('B-146'),
       ('B-147'),
       ('B-148'),
       ('B-149'),
       ('B-150'),
       ('B-789'),
       ('T-100'),
       ('T-101'),
       ('T-102'),
       ('T-103'),
       ('T-104'),
       ('T-105'),
       ('T-106'),
       ('T-107'),
       ('T-108'),
       ('T-109'),
       ('T-110'),
       ('T-111'),
       ('T-112'),
       ('T-113'),
       ('T-114'),
       ('T-115'),
       ('T-116'),
       ('T-117'),
       ('T-118'),
       ('T-119'),
       ('T-120'),
       ('T-121'),
       ('T-122'),
       ('T-123'),
       ('T-124'),
       ('T-125'),
       ('L-100'),
       ('L-101'),
       ('L-102'),
       ('L-103'),
       ('L-104'),
       ('L-105');


insert into busbar
values
       ('B-100', 210),
       ('B-101', 210),
       ('B-102', 210),
       ('B-103', 210),
       ('B-104', 210),
       ('B-105', 210),
       ('B-106', 210),
       ('B-107', 210),
       ('B-108', 210),
       ('B-109', 210),
       ('B-110', 210),
       ('B-111', 210),
       ('B-112', 210),
       ('B-113', 210),
       ('B-114', 210),
       ('B-115', 210),
       ('B-116', 210),
       ('B-117', 210),
       ('B-118', 210),
       ('B-119', 210),
       ('B-120', 210),
       ('B-121', 210),
       ('B-122', 210),
       ('B-123', 210),
       ('B-124', 210),
       ('B-125', 210),
       ('B-126', 205),
       ('B-127', 205),
       ('B-128', 205),
       ('B-129', 205),
       ('B-130', 205),
       ('B-131', 205),
       ('B-132', 205),
       ('B-133', 205),
       ('B-134', 205),
       ('B-135', 205),
       ('B-136', 205),
       ('B-137', 205),
       ('B-138', 205),
       ('B-139', 205),
       ('B-140', 205),
       ('B-141', 205),
       ('B-142', 205),
       ('B-143', 205),
       ('B-144', 205),
       ('B-145', 205),
       ('B-146', 205),
       ('B-147', 205),
       ('B-148', 205),
       ('B-149', 205),
       ('B-150', 205),
       ('B-789', 205);

insert into substation
values
       (36.123456, 12.23, 'Newground', 'Victor', 'Old Road'),
       (36.24, 12.23, 'Newground', 'George', 'Great Old Road'),
       (36.256, 12.23, 'Newground', 'Boris', 'New Road'),
       (36.123456, 12.24, 'New Village', 'Betty', 'Old Road'),
       (36.1235, 12.24, 'New Village', 'Hamilton', 'Back Alley'),
       (36.21, 12.24, 'New Village', 'Victoria', 'Sweet Street'),
       (36.14, 12.12, 'Pyong South', 'Johnson', 'Birth Avenue'),
       (36.14, 12.14, 'Pyong South', 'Patricia', 'Sweet Street'),
       (36.28, 12.12, 'Pyong South', 'Dick', 'Great Old Road'),
       (36.40, 12.23, 'Pyong North', 'Josh', 'Back Alley'),
       (36.4001, 12.23, 'Pyong North', 'Sam', 'Pink Street'),
       (36.4002, 12.23, 'Pyong North', 'Lucas', 'New Road'),
       (36.67, 12.7, 'Melvo', 'Marie', 'Hall Street'),
       (36.66668, 12.78, 'Melvo', 'Pablo', 'Birth Avenue'),
       (37.1456, 12.423, 'Newground', 'Bob', 'Marginal Avenue'),
       (36.724, 12.523, 'Newground', 'George', 'Great Old Road'),
       (36.27456, 42.23, 'Newground', 'George', 'Great Old Road'),
       (36.123526, 12.2714, 'New Village', 'Lewis', 'Back Alley'),
       (36.1235, 12.277, 'New Village', 'Mickey', 'Border Lake Street'),
       (36.255, 12.24, 'New Village', 'Hamilton', 'Back Alley');

insert into transformer
values
       ('T-100', 210, 210, 36.123456, 12.23, 'B-100', 'B-101'),
       ('T-101', 210, 210, 36.14, 12.12, 'B-102', 'B-103'),
       ('T-102', 210, 210, 36.724, 12.523, 'B-104', 'B-105'),
       ('T-103', 210, 210, 36.14, 12.12, 'B-106', 'B-107'),
       ('T-104', 210, 210, 36.1235, 12.277, 'B-108', 'B-109'),
       ('T-105', 210, 210, 36.24, 12.23, 'B-110', 'B-111'),
       ('T-106', 210, 210, 36.256, 12.23, 'B-112', 'B-113'),
       ('T-107', 210, 210, 36.123456, 12.24, 'B-114', 'B-115'),
       ('T-108', 210, 210, 36.1235, 12.24, 'B-116', 'B-117'),
       ('T-109', 210, 210, 36.21, 12.24, 'B-118', 'B-119'),
       ('T-110', 210, 210, 36.27456, 42.23, 'B-120', 'B-121'),
       ('T-111', 210, 210, 36.14, 12.14, 'B-122', 'B-123'),
       ('T-112', 210, 210, 36.28, 12.12, 'B-124', 'B-125'),
       ('T-113', 205, 205, 36.40, 12.23, 'B-126', 'B-127'),
       ('T-114', 205, 205, 36.123526, 12.2714, 'B-128', 'B-129'),
       ('T-115', 205, 205, 37.1456, 12.423, 'B-130', 'B-131'),
       ('T-116', 205, 205, 36.67, 12.7, 'B-132', 'B-133'),
       ('T-117', 205, 205, 36.66668, 12.78, 'B-134', 'B-135'),
       ('T-118', 205, 205, 36.123456, 12.23, 'B-136', 'B-137'),
       ('T-119', 205, 205, 36.255, 12.24, 'B-138', 'B-139'),
       ('T-120', 205, 205, 36.123456, 12.24, 'B-140', 'B-141'),
       ('T-121', 205, 205, 36.1235, 12.24, 'B-142', 'B-143'),
       ('T-122', 205, 205, 36.21, 12.24, 'B-144', 'B-145'),
       ('T-123', 205, 205, 36.4002, 12.23, 'B-146', 'B-147'),
       ('T-124', 205, 205, 36.21, 12.24, 'B-148', 'B-149'),
       ('T-125', 205, 205, 36.4001, 12.23, 'B-150', 'B-789');

insert into line
values
       ('L-101', 150, 'B-100', 'B-101'),
       ('L-104', 130, 'B-102', 'B-103'),
       ('L-102', 180, 'B-104', 'B-105'),
       ('L-105', 105, 'B-106', 'B-107'),
       ('L-103', 120, 'B-108', 'B-109'),
       ('L-100', 150, 'B-110', 'B-789');

insert into incident
values
       ( '2020-01-01	10:30', 'B-100','Bus Bar Disconnected', 'Not Severe'),
       ( '2020-01-01	15:30', 'B-789','Bus Bar Explosion', 'Critical'),
       ( '2020-01-05	10:06', 'T-101','Transformer Failure', 'Severe'),
       ( '2020-01-30	11:30', 'L-101','Power Line Cut', 'Severe'),
       ( '2020-02-01	12:38', 'T-105','Transformer Disconnected', 'Not Severe'),
       ( '2020-02-04	00:00', 'T-104','Transformer Overload', 'Critical'),
       ( '2020-02-01	06:35', 'L-103','Power Line Overload', 'Severe'),
       ( '2020-03-01	11:30', 'B-789','Bus Bar Disconnected', 'Not Severe'),
       ( '2020-04-01	02:11', 'T-103','Transformer Disconnected', 'Not Severe'),
       ( '2020-06-01	07:45', 'L-103','Power Line Disconnected', 'Not Severe'),
       ( '2020-08-01	10:37', 'B-789','Bus Bar Disconnected', 'Not Severe'),
       ( '2020-09-01	06:59', 'T-105','Transformer Overload', 'Critical'),
       ( '2020-10-01	09:10', 'T-102','Transformer Breakdown', 'Severe'),
       ( '2020-10-03	18:20', 'B-100','Bus Bar Breakdown', 'Severe'),
       ( '2020-10-06	19:44', 'L-102','Power Line Disconnected', 'Not Severe'),
       ( '2020-12-01	01:55', 'T-104','Transformer Failure', 'Severe'),
       ( '2020-12-01	13:32', 'B-789','Bus Bar Disconnected', 'Not Severe'),
       ( '2020-12-01	15:12', 'L-102','Power Line Overload', 'Severe'),
       ( '2021-01-20	12:48', 'T-102','Transformer Breakdown', 'Severe'),
       ( '2021-01-31	13:25', 'B-105','Bus Bar Explosion', 'Critical');

insert into lineincident
values
       ('2020-01-30	11:30', 'L-101', 32.55),
       ('2020-02-01	06:35', 'L-103', 421.1),
       ('2020-06-01	07:45', 'L-103', 410.2),
       ('2020-10-06	19:44', 'L-102', 4.5),
       ('2020-12-01	15:12', 'L-102', 43.2);

insert into analyses
values
       ( '2020-01-01	10:30', 'B-100', 'Reason:Worker Error;','Isabella', 'Black Street'),
       ( '2020-01-01	15:30', 'B-789', 'Reason:Lack of Maintenance;','John', 'Birth Avenue'),
       ( '2020-01-05	10:06', 'T-101', 'Reason:Lack of Maintenance;','John', 'Birth Avenue'),
       ( '2020-01-30	11:30', 'L-101', 'Reason:Weather Damage;','Dora', 'Back Alley'),
       ( '2020-02-01	12:38', 'T-105', 'Reason:Worker Error;','Matty', 'Small Avenue'),
       ( '2020-02-04	00:00', 'T-104', 'Reason:Voltage Limit Exceeded;','Emma', 'Ender Road'),
       ( '2020-02-01	06:35', 'L-103', 'Reason:Voltage Limit Exceeded;','Matty', 'Small Avenue'),
       ( '2020-03-01	11:30', 'B-789', 'Reason:Worker Error;','John', 'Birth Avenue'),
       ( '2020-04-01	02:11', 'T-103', 'Reason:Worker Error;','Emma', 'Ender Road'),
       ( '2020-06-01	07:45', 'L-103', 'Reason:Weather Damage;','Cory', 'White Road'),
       ( '2020-08-01	10:37', 'B-789', 'Reason:Worker Error;','Albert', 'Hall Street'),
       ( '2020-09-01	06:59', 'T-105', 'Reason:Lack of Maintenance;','Chris', 'Black Street'),
       ( '2020-10-01	09:10', 'T-102', 'Reason:Worker Error;','John', 'Birth Avenue'),
       ( '2020-10-03	18:20', 'B-100', 'Reason:Lack of Maintenance;','Mark', 'White Road'),
       ( '2020-10-06	19:44', 'L-102', 'Reason:Worker Error;','Gustave', 'Holla Street'),
       ( '2020-12-01	01:55', 'T-104', 'Reason:Voltage Limit Exceeded;','Albert', 'Hall Street'),
       ( '2020-12-01	13:32', 'B-789', 'Reason:Worker Error;','Leroy', 'White Road'),
       ( '2020-12-01	15:12', 'L-102', 'Reason:Voltage Limit Exceeded;','Chen Lu', 'Old Road'),
       ( '2021-01-20	12:48', 'T-102', 'Reason:Weather Damage;','Albert', 'Hall Street'),
       ( '2021-01-31	13:25', 'B-105', 'Reason:Weather Damage;','Miley', 'River Street');



