----------------------------------------
-- Populate database
----------------------------------------
insert into person
values
       ('Victor', 'Old Road', 555787, 000001),
       ('George', 'Great Old Road', 555788, 000002),
       ('Boris', 'New Road', 555789, 000003),
       ('Betty', 'Old Road', 555786, 000004),
       ('Hamilton', 'Back Alley', 555785, 000005),
       ('Victoria', 'Sweet Street', 555784, 000006),
       ('Johnson', 'Birth Avenue', 555783, 000007),
       ('Patricia', 'Sweet Street', 555782, 000008),
       ('Dick', 'Great Old Road', 555781, 000009),
       ('Josh', 'Back Alley', 555770, 000010),
       ('Sam', 'Pink Street', 555771, 000011),
       ('Lucas', 'New Road', 555772, 000012),
       ('Marie', 'Hall Street', 555773, 000013),
       ('Pablo', 'Birth Avenue', 555774, 000014),
       ('Bob', 'Marginal Avenue', 555775, 000015),
       ('George', 'New Road', 555776, 000016),
       ('Boris', 'Great New Road', 555777, 000017),
       ('Lewis', 'Back Alley', 555778, 000018),
       ('Mickey', 'Border Lake Street', 555779, 000019),
       ('Woo Lee', 'Great New Road', 555780, 000020),
       ('Isabella', 'Black Street', 555790, 000021),
       ('Mark', 'White Road', 555791, 000022),
       ('John', 'Birth Avenue', 555792, 000023),
       ('Samantha', 'Big Avenue', 555793, 000024),
       ('Matty', 'Small Avenue', 555794, 000025),
       ('Cory', 'White Road', 555795, 000026),
       ('Billie', 'New Road', 555796, 000027),
       ('Dora', 'Back Alley', 555797, 000028),
       ('Josh', 'Great Old Road', 555798, 000029),
       ('Bob', 'Border Lake Street', 555799, 000030),
       ('Albert', 'Hall Street', 555700, 000031),
       ('Chris', 'Black Street', 555701, 000032),
       ('Chris', 'Small Avenue', 555702, 000033),
       ('Olivia', 'Birth Avenue', 555703, 000034),
       ('Emma', 'Ender Road', 555704, 000035),
       ('Gustave', 'Holla Street', 555705, 000036),
       ('Leroy', 'White Road', 555706, 000037),
       ('Robert', 'Great New Road', 555707, 000038),
       ('Miley', 'River Street', 555708, 000039),
       ('Chen Lu', 'Old Road', 555709, 000040);

insert into supervisor
values
       ('Victor', 'Old Road'),
       ('George', 'Great Old Road'),
       ('Boris', 'New Road'),
       ('Betty', 'Old Road'),
       ('Hamilton', 'Back Alley'),
       ('Victoria', 'Sweet Street'),
       ('Johnson', 'Birth Avenue'),
       ('Patricia', 'Sweet Street'),
       ('Dick', 'Great Old Road'),
       ('Josh', 'Back Alley'),
       ('Sam', 'Pink Street'),
       ('Lucas', 'New Road'),
       ('Marie', 'Hall Street'),
       ('Chen Lu', 'Old Road'),
       ('Pablo', 'Birth Avenue'),
       ('Robert', 'Great New Road'),
       ('Bob', 'Marginal Avenue'),
       ('George', 'New Road'),
       ('Boris', 'Great New Road'),
       ('Lewis', 'Back Alley'),
       ('Mickey', 'Border Lake Street'),
       ('Woo Lee', 'Great New Road');

insert into analyst
values
       ('Isabella', 'Black Street'),
       ('Mark', 'White Road'),
       ('John', 'Birth Avenue'),
       ('George', 'New Road'),
       ('Samantha', 'Big Avenue'),
       ('Matty', 'Small Avenue'),
       ('Cory', 'White Road'),
       ('Billie', 'New Road'),
       ('Woo Lee', 'Great New Road'),
       ('Dora', 'Back Alley'),
       ('Josh', 'Great Old Road'),
       ('Sam', 'Pink Street'),
       ('Bob', 'Border Lake Street'),
       ('Albert', 'Hall Street'),
       ('Chris', 'Black Street'),
       ('Chris', 'Small Avenue'),
       ('Olivia', 'Birth Avenue'),
       ('Emma', 'Ender Road'),
       ('Gustave', 'Holla Street'),
       ('Leroy', 'White Road'),
       ('Robert', 'Great New Road'),
       ('Miley', 'River Street'),
       ('Chen Lu', 'Old Road');

insert into element
values
       ('B-100'),
       ('B-101'),
       ('B-102'),
       ('B-103'),
       ('B-104'),
       ('B-105'),
       ('B-106'),
       ('B-107'),
       ('B-108'),
       ('B-109'),
       ('B-110'),
       ('B-111'),
       ('B-112'),
       ('B-113'),
       ('B-114'),
       ('B-115'),
       ('B-116'),
       ('B-117'),
       ('B-118'),
       ('B-119'),
       ('B-120'),
       ('B-121'),
       ('B-122'),
       ('B-123'),
       ('B-124'),
       ('B-125'),
       ('B-126'),
       ('B-127'),
       ('B-128'),
       ('B-129'),
       ('B-130'),
       ('B-131'),
       ('B-132'),
       ('B-133'),
       ('B-134'),
       ('B-135'),
       ('B-136'),
       ('B-137'),
       ('B-138'),
       ('B-139'),
       ('B-140'),
       ('B-141'),
       ('B-142'),
       ('B-143'),
       ('B-144'),
       ('B-145'),
       ('B-146'),
       ('B-147'),
       ('B-148'),
       ('B-149'),
       ('B-150'),
       ('B-789'),
       ('T-100'),
       ('T-101'),
       ('T-102'),
       ('T-103'),
       ('T-104'),
       ('T-105'),
       ('T-106'),
       ('T-107'),
       ('T-108'),
       ('T-109'),
       ('T-110'),
       ('T-111'),
       ('T-112'),
       ('T-113'),
       ('T-114'),
       ('T-115'),
       ('T-116'),
       ('T-117'),
       ('T-118'),
       ('T-119'),
       ('T-120'),
       ('T-121'),
       ('T-122'),
       ('T-123'),
       ('T-124'),
       ('T-125'),
       ('L-100'),
       ('L-101'),
       ('L-102'),
       ('L-103'),
       ('L-104'),
       ('L-105');

insert into line
values
       ('L-100', 100),
       ('L-101', 150),
       ('L-102', 180),
       ('L-103', 120),
       ('L-104', 130),
       ('L-105', 105);


insert into bus_bar
values
       ('B-100', 210),
       ('B-101', 210),
       ('B-102', 210),
       ('B-103', 210),
       ('B-104', 210),
       ('B-105', 210),
       ('B-106', 210),
       ('B-107', 210),
       ('B-108', 210),
       ('B-109', 210),
       ('B-110', 210),
       ('B-111', 210),
       ('B-112', 210),
       ('B-113', 210),
       ('B-114', 210),
       ('B-115', 210),
       ('B-116', 210),
       ('B-117', 210),
       ('B-118', 210),
       ('B-119', 210),
       ('B-120', 210),
       ('B-121', 210),
       ('B-122', 210),
       ('B-123', 210),
       ('B-124', 210),
       ('B-125', 210),
       ('B-126', 205),
       ('B-127', 205),
       ('B-128', 205),
       ('B-129', 205),
       ('B-130', 205),
       ('B-131', 205),
       ('B-132', 205),
       ('B-133', 205),
       ('B-134', 205),
       ('B-135', 205),
       ('B-136', 205),
       ('B-137', 205),
       ('B-138', 205),
       ('B-139', 205),
       ('B-140', 205),
       ('B-141', 205),
       ('B-142', 205),
       ('B-143', 205),
       ('B-144', 205),
       ('B-145', 205),
       ('B-146', 205),
       ('B-147', 205),
       ('B-148', 205),
       ('B-149', 205),
       ('B-150', 205),
       ('B-789', 205);

insert into substation
values
       (36.123456, 12.23, 'Newground', 'Victor', 'Old Road'),
       (36.24, 12.23, 'Newground', 'George', 'Great Old Road'),
       (36.256, 12.23, 'Newground', 'Boris', 'New Road'),
       (36.123456, 12.24, 'New Village', 'Betty', 'Old Road'),
       (36.1235, 12.24, 'New Village', 'Hamilton', 'Back Alley'),
       (36.21, 12.24, 'New Village', 'Victoria', 'Sweet Street'),
       (36.14, 12.12, 'Pyong South', 'Johnson', 'Birth Avenue'),
       (36.14, 12.14, 'Pyong South', 'Patricia', 'Sweet Street'),
       (36.28, 12.12, 'Pyong South', 'Dick', 'Great Old Road'),
       (36.40, 12.23, 'Pyong North', 'Josh', 'Back Alley'),
       (36.4001, 12.23, 'Pyong North', 'Sam', 'Pink Street'),
       (36.4002, 12.23, 'Pyong North', 'Lucas', 'New Road'),
       (36.67, 12.7, 'Melvo', 'Marie', 'Hall Street'),
       (36.66668, 12.78, 'Melvo', 'Pablo', 'Birth Avenue'),
       (37.1456, 12.423, 'Newground', 'Bob', 'Marginal Avenue'),
       (36.724, 12.523, 'Newground', 'George', 'Great Old Road'),
       (36.27456, 42.23, 'Newground', 'George', 'Great Old Road'),
       (36.123526, 12.2714, 'New Village', 'Lewis', 'Back Alley'),
       (36.1235, 12.277, 'New Village', 'Mickey', 'Border Lake Street'),
       (36.255, 12.24, 'New Village', 'Hamilton', 'Back Alley');

insert into transformer
values
       ('T-100', 210, 210, 'B-100', 'B-101', 36.123456, 12.23),
       ('T-101', 210, 210, 'B-102', 'B-103', 36.14, 12.12),
       ('T-102', 210, 210, 'B-104', 'B-105', 36.724, 12.523),
       ('T-103', 210, 210, 'B-106', 'B-107', 36.14, 12.12),
       ('T-104', 210, 210, 'B-108', 'B-109', 36.1235, 12.277),
       ('T-105', 210, 210, 'B-110', 'B-111', 36.24, 12.23),
       ('T-106', 210, 210, 'B-112', 'B-113', 36.256, 12.23),
       ('T-107', 210, 210, 'B-114', 'B-115', 36.123456, 12.24),
       ('T-108', 210, 210, 'B-116', 'B-117', 36.1235, 12.24),
       ('T-109', 210, 210, 'B-118', 'B-119', 36.21, 12.24),
       ('T-110', 210, 210, 'B-120', 'B-121', 36.27456, 42.23),
       ('T-111', 210, 210, 'B-122', 'B-123', 36.14, 12.14),
       ('T-112', 210, 210, 'B-124', 'B-125', 36.28, 12.12),
       ('T-113', 205, 205, 'B-126', 'B-127', 36.40, 12.23),
       ('T-114', 205, 205, 'B-128', 'B-129', 36.123526, 12.2714),
       ('T-115', 205, 205, 'B-130', 'B-131', 37.1456, 12.423),
       ('T-116', 205, 205, 'B-132', 'B-133', 36.67, 12.7),
       ('T-117', 205, 205, 'B-134', 'B-135', 36.66668, 12.78),
       ('T-118', 205, 205, 'B-136', 'B-137', 36.123456, 12.23),
       ('T-119', 205, 205, 'B-138', 'B-139', 36.255, 12.24),
       ('T-120', 205, 205, 'B-140', 'B-141', 36.123456, 12.24),
       ('T-121', 205, 205, 'B-142', 'B-143', 36.1235, 12.24),
       ('T-122', 205, 205, 'B-144', 'B-145', 36.21, 12.24),
       ('T-123', 205, 205, 'B-146', 'B-147', 36.4002, 12.23),
       ('T-124', 205, 205, 'B-148', 'B-149', 36.21, 12.24),
       ('T-125', 205, 205, 'B-150', 'B-789', 36.4001, 12.23);


insert into line_connection
values
       ('L-101', 'B-100', 'B-101'),
       ('L-104', 'B-102', 'B-103'),
       ('L-102', 'B-104', 'B-105'),
       ('L-105', 'B-106', 'B-107'),
       ('L-103', 'B-108', 'B-109'),
       ('L-101', 'B-110', 'B-789');

insert into incident
values
       ('Bus Bar Disconnected', '2020-01-01	10:30', 'B-100', 'Not Severe'),
       ('Bus Bar Explosion', '2020-01-01	15:30', 'B-789', 'Critical'),
       ('Transformer Failure', '2020-01-05	10:06', 'T-101', 'Severe'),
       ('Power Line Cut', '2020-01-30	11:30', 'L-101', 'Severe'),
       ('Transformer Disconnected', '2020-02-01	12:38', 'T-105', 'Not Severe'),
       ('Transformer Overload', '2020-02-04	00:00', 'T-104', 'Critical'),
       ('Power Line Overload', '2020-02-01	06:35', 'L-103', 'Severe'),
       ('Bus Bar Disconnected', '2020-03-01	11:30', 'B-789', 'Not Severe'),
       ('Transformer Disconnected', '2020-04-01	02:11', 'T-103', 'Not Severe'),
       ('Power Line Disconnected', '2020-06-01	07:45', 'L-103', 'Not Severe'),
       ('Bus Bar Disconnected', '2020-08-01	10:37', 'B-789', 'Not Severe'),
       ('Transformer Overload', '2020-09-01	06:59', 'T-105', 'Critical'),
       ('Transformer Breakdown', '2020-10-01	09:10', 'T-102', 'Severe'),
       ('Bus Bar Breakdown', '2020-10-03	18:20', 'B-100', 'Severe'),
       ('Power Line Disconnected', '2020-10-06	19:44', 'L-102', 'Not Severe'),
       ('Transformer Failure', '2020-12-01	01:55', 'T-104', 'Severe'),
       ('Bus Bar Disconnected', '2020-12-01	13:32', 'B-789', 'Not Severe'),
       ('Power Line Overload', '2020-12-01	15:12', 'L-102', 'Severe'),
       ('Transformer Breakdown', '2021-01-20	12:48', 'T-102', 'Severe'),
       ('Bus Bar Explosion', '2021-01-31	13:25', 'B-105', 'Critical');

insert into line_incident
values
       ('2020-01-30	11:30', 'L-101', 32.55),
       ('2020-02-01	06:35', 'L-103', 421.1),
       ('2020-06-01	07:45', 'L-103', 410.2),
       ('2020-10-06	19:44', 'L-102', 4.5),
       ('2020-12-01	15:12', 'L-102', 43.2);

insert into analyses
values
       ('Isabella', 'Black Street', 'Reason:Worker Error;', '2020-01-01	10:30', 'B-100'),
       ('John', 'Birth Avenue', 'Reason:Lack of Maintenance;', '2020-01-01	15:30', 'B-789'),
       ('John', 'Birth Avenue', 'Reason:Lack of Maintenance;', '2020-01-05	10:06', 'T-101'),
       ('Dora', 'Back Alley', 'Reason:Weather Damage;', '2020-01-30	11:30', 'L-101'),
       ('Matty', 'Small Avenue', 'Reason:Worker Error;', '2020-02-01	12:38', 'T-105'),
       ('Emma', 'Ender Road', 'Reason:Voltage Limit Exceeded;', '2020-02-04	00:00', 'T-104'),
       ('Matty', 'Small Avenue', 'Reason:Voltage Limit Exceeded;', '2020-02-01	06:35', 'L-103'),
       ('John', 'Birth Avenue', 'Reason:Worker Error;', '2020-03-01	11:30', 'B-789'),
       ('Emma', 'Ender Road', 'Reason:Worker Error;', '2020-04-01	02:11', 'T-103'),
       ('Cory', 'White Road', 'Reason:Weather Damage;', '2020-06-01	07:45', 'L-103'),
       ('Albert', 'Hall Street', 'Reason:Worker Error;', '2020-08-01	10:37', 'B-789'),
       ('Chris', 'Black Street', 'Reason:Lack of Maintenance;', '2020-09-01	06:59', 'T-105'),
       ('John', 'Birth Avenue', 'Reason:Worker Error;',  '2020-10-01	09:10', 'T-102'),
       ('Mark', 'White Road', 'Reason:Lack of Maintenance;', '2020-10-03	18:20', 'B-100'),
       ('Gustave', 'Holla Street', 'Reason:Worker Error;', '2020-10-06	19:44', 'L-102'),
       ('Albert', 'Hall Street', 'Reason:Voltage Limit Exceeded;', '2020-12-01	01:55', 'T-104'),
       ('Leroy', 'White Road', 'Reason:Worker Error;', '2020-12-01	13:32', 'B-789'),
       ('Chen Lu', 'Old Road', 'Reason:Voltage Limit Exceeded;', '2020-12-01	15:12', 'L-102'),
       ('Albert', 'Hall Street', 'Reason:Weather Damage;', '2021-01-20	12:48', 'T-102'),
       ('Miley', 'River Street', 'Reason:Weather Damage;', '2021-01-31	13:25', 'B-105');


